time_s,node_id,x_m,y_m,z_m,initial_energy_J,remaining_energy_J,consumed_energy_J,sf
3600,0,0,0,35,10000,9999.492,0.508,7
3600,1,24.492,-51.9321,37.399,10000,9999.768,0.232,7
3600,2,48.9841,-103.8642,39.698,10000,9999.7,0.3,7
3600,3,73.4761,-155.7962,41.8971,10000,9999.238,0.762,7
3600,4,97.9681,-207.7283,43.9963,10000,9999.422,0.578,7
3600,5,122.4601,-259.6604,45.9954,10000,9999.238,0.762,7
3600,6,146.9522,-311.5925,47.8946,10000,9999.238,0.762,7
3600,7,171.4442,-363.5246,49.6939,10000,9999.285,0.715,7
3600,8,195.9362,-415.4566,51.3932,10000,9999.421,0.579,7
3600,9,220.4282,-467.3887,52.9925,10000,9999.238,0.762,7
3600,10,245.6358,-518.9486,54.4919,10000,9999.562,0.438,7
3600,11,274.0942,-568.8177,55.8913,10000,9999.238,0.762,7
3600,12,302.5525,-618.6867,57.1908,10000,9999.513,0.487,7
3600,13,331.0109,-668.5558,58.3903,10000,9999.376,0.624,7
3600,14,359.4693,-718.4248,59.4898,10000,9999.537,0.463,7
3600,15,387.9276,-768.2939,60.4894,10000,9999.377,0.623,7
3600,16,416.386,-818.1629,61.389,10000,9999.285,0.715,7
3600,17,444.8443,-868.032,62.1887,10000,9999.261,0.739,7
3600,18,473.3027,-917.901,62.8884,10000,9999.4,0.6,7
3600,19,501.7611,-967.77,63.4881,10000,9999.33,0.67,7
3600,20,530.2194,-1017.6391,63.9879,10000,9999.33,0.67,7
3600,21,558.6778,-1067.5081,64.3878,10000,9999.492,0.508,7
3600,22,587.1362,-1117.3772,64.6876,10000,9999.238,0.762,7
3600,23,609.7704,-1170.0712,64.8875,10000,9999.238,0.762,7
3600,24,631.3161,-1223.2932,64.9875,10000,9999.354,0.646,7
3600,25,652.8617,-1276.5153,64.9875,10000,9999.273,0.727,7
3600,26,674.4073,-1329.7373,64.8875,10000,9999.745,0.255,7
3600,27,695.9529,-1382.9594,64.6876,10000,9999.469,0.531,7
3600,28,717.4985,-1436.1814,64.3878,10000,9999.238,0.762,7
3600,29,739.0441,-1489.4035,63.9879,10000,9999.793,0.207,7
3600,30,760.5897,-1542.6255,63.4881,10000,9999.238,0.762,7
3600,31,782.1354,-1595.8476,62.8884,10000,9999.329,0.671,7
3600,32,803.681,-1649.0697,62.1887,10000,9999.722,0.278,7
3600,33,825.2266,-1702.2917,61.389,10000,9999.537,0.463,7
3600,34,846.7722,-1755.5138,60.4894,10000,9999.536,0.464,7
3600,35,868.3178,-1808.7358,59.4898,10000,9999.398,0.602,7
3600,36,889.8634,-1861.9579,58.3903,10000,9999.815,0.185,7
3600,37,903.8892,-1917.4903,57.1908,10000,9999.445,0.555,7
3600,38,915.9426,-1973.6286,55.8913,10000,9999.885,0.115,7
3600,39,927.9959,-2029.767,54.4919,10000,9999.885,0.115,7
3600,40,940.0493,-2085.9054,52.9925,10000,9999.238,0.762,7
3600,41,952.1027,-2142.0437,51.3932,10000,9999.885,0.115,7
3600,42,964.1561,-2198.1821,49.6939,10000,9999.583,0.417,7
3600,43,976.2095,-2254.3205,47.8946,10000,9999.354,0.646,7
3600,44,988.2628,-2310.4588,45.9954,10000,9999.238,0.762,7
3600,45,1000.3162,-2366.5972,43.9963,10000,9999.238,0.762,7
3600,46,1012.3696,-2422.7356,41.8971,10000,9999.237,0.763,7
3600,47,1024.423,-2478.8739,39.698,10000,9999.469,0.531,7
3600,48,1036.4764,-2535.0123,37.399,10000,9999.374,0.626,7
3600,49,1048.5297,-2591.1507,35,10000,9999.422,0.578,7
7200,0,0,0,35,10000,9999.144,0.856,7
7200,1,24.492,-51.9321,37.399,10000,9999.514,0.486,7
7200,2,48.9841,-103.8642,39.698,10000,9999.584,0.416,7
7200,3,73.4761,-155.7962,41.8971,10000,9998.477,1.523,7
7200,4,97.9681,-207.7283,43.9963,10000,9998.661,1.339,7
7200,5,122.4601,-259.6604,45.9954,10000,9998.477,1.523,7
7200,6,146.9522,-311.5925,47.8946,10000,9998.477,1.523,7
7200,7,171.4442,-363.5246,49.6939,10000,9998.523,1.477,7
7200,8,195.9362,-415.4566,51.3932,10000,9998.98,1.02,7
7200,9,220.4282,-467.3887,52.9925,10000,9998.477,1.523,7
7200,10,245.6358,-518.9486,54.4919,10000,9999.123,0.877,7
7200,11,274.0942,-568.8177,55.8913,10000,9998.477,1.523,7
7200,12,302.5525,-618.6867,57.1908,10000,9999.003,0.997,7
7200,13,331.0109,-668.5558,58.3903,10000,9998.729,1.271,7
7200,14,359.4693,-718.4248,59.4898,10000,9998.959,1.041,7
7200,15,387.9276,-768.2939,60.4894,10000,9998.661,1.339,7
7200,16,416.386,-818.1629,61.389,10000,9998.523,1.477,7
7200,17,444.8443,-868.032,62.1887,10000,9998.499,1.501,7
7200,18,473.3027,-917.901,62.8884,10000,9998.777,1.223,7
7200,19,501.7611,-967.77,63.4881,10000,9998.661,1.339,7
7200,20,530.2194,-1017.6391,63.9879,10000,9998.569,1.431,7
7200,21,558.6778,-1067.5081,64.3878,10000,9998.994,1.006,7
7200,22,587.1362,-1117.3772,64.6876,10000,9998.477,1.523,7
7200,23,609.7704,-1170.0712,64.8875,10000,9998.477,1.523,7
7200,24,631.3161,-1223.2932,64.9875,10000,9998.592,1.408,7
7200,25,652.8617,-1276.5153,64.9875,10000,9998.499,1.501,7
7200,26,674.4073,-1329.7373,64.8875,10000,9999.49,0.51,7
7200,27,695.9529,-1382.9594,64.6876,10000,9998.822,1.178,7
7200,28,717.4985,-1436.1814,64.3878,10000,9998.477,1.523,7
7200,29,739.0441,-1489.4035,63.9879,10000,9999.411,0.589,7
7200,30,760.5897,-1542.6255,63.4881,10000,9998.477,1.523,7
7200,31,782.1354,-1595.8476,62.8884,10000,9998.727,1.273,7
7200,32,803.681,-1649.0697,62.1887,10000,9999.607,0.393,7
7200,33,825.2266,-1702.2917,61.389,10000,9999.121,0.879,7
7200,34,846.7722,-1755.5138,60.4894,10000,9999.095,0.905,7
7200,35,868.3178,-1808.7358,59.4898,10000,9998.912,1.088,7
7200,36,889.8634,-1861.9579,58.3903,10000,9999.7,0.3,7
7200,37,903.8892,-1917.4903,57.1908,10000,9998.845,1.155,7
7200,38,915.9426,-1973.6286,55.8913,10000,9999.769,0.231,7
7200,39,927.9959,-2029.767,54.4919,10000,9999.769,0.231,7
7200,40,940.0493,-2085.9054,52.9925,10000,9998.477,1.523,7
7200,41,952.1027,-2142.0437,51.3932,10000,9999.608,0.392,7
7200,42,964.1561,-2198.1821,49.6939,10000,9999.166,0.834,7
7200,43,976.2095,-2254.3205,47.8946,10000,9998.822,1.178,7
7200,44,988.2628,-2310.4588,45.9954,10000,9998.477,1.523,7
7200,45,1000.3162,-2366.5972,43.9963,10000,9998.477,1.523,7
7200,46,1012.3696,-2422.7356,41.8971,10000,9998.475,1.525,7
7200,47,1024.423,-2478.8739,39.698,10000,9999.052,0.948,7
7200,48,1036.4764,-2535.0123,37.399,10000,9998.749,1.251,7
7200,49,1048.5297,-2591.1507,35,10000,9998.661,1.339,7
10800,0,0,0,35,10000,9998.474,1.526,7
10800,1,24.492,-51.9321,37.399,10000,9999.306,0.694,7
10800,2,48.9841,-103.8642,39.698,10000,9998.985,1.015,7
10800,3,73.4761,-155.7962,41.8971,10000,9997.715,2.285,7
10800,4,97.9681,-207.7283,43.9963,10000,9997.899,2.101,7
10800,5,122.4601,-259.6604,45.9954,10000,9997.854,2.146,7
10800,6,146.9522,-311.5925,47.8946,10000,9997.761,2.239,7
10800,7,171.4442,-363.5246,49.6939,10000,9997.762,2.238,7
10800,8,195.9362,-415.4566,51.3932,10000,9998.471,1.529,7
10800,9,220.4282,-467.3887,52.9925,10000,9997.715,2.285,7
10800,10,245.6358,-518.9486,54.4919,10000,9998.615,1.385,7
10800,11,274.0942,-568.8177,55.8913,10000,9997.715,2.285,7
10800,12,302.5525,-618.6867,57.1908,10000,9998.517,1.483,7
10800,13,331.0109,-668.5558,58.3903,10000,9998.106,1.894,7
10800,14,359.4693,-718.4248,59.4898,10000,9998.405,1.595,7
10800,15,387.9276,-768.2939,60.4894,10000,9998.037,1.963,7
10800,16,416.386,-818.1629,61.389,10000,9997.83,2.17,7
10800,17,444.8443,-868.032,62.1887,10000,9997.736,2.264,7
10800,18,473.3027,-917.901,62.8884,10000,9998.177,1.823,7
10800,19,501.7611,-967.77,63.4881,10000,9998.014,1.986,7
10800,20,530.2194,-1017.6391,63.9879,10000,9997.899,2.101,7
10800,21,558.6778,-1067.5081,64.3878,10000,9998.402,1.598,7
10800,22,587.1362,-1117.3772,64.6876,10000,9997.715,2.285,7
10800,23,609.7704,-1170.0712,64.8875,10000,9997.715,2.285,7
10800,24,631.3161,-1223.2932,64.9875,10000,9997.876,2.124,7
10800,25,652.8617,-1276.5153,64.9875,10000,9997.737,2.263,7
10800,26,674.4073,-1329.7373,64.8875,10000,9999.305,0.695,7
10800,27,695.9529,-1382.9594,64.6876,10000,9998.129,1.871,7
10800,28,717.4985,-1436.1814,64.3878,10000,9997.715,2.285,7
10800,29,739.0441,-1489.4035,63.9879,10000,9999.098,0.902,7
10800,30,760.5897,-1542.6255,63.4881,10000,9997.715,2.285,7
10800,31,782.1354,-1595.8476,62.8884,10000,9998.078,1.922,7
10800,32,803.681,-1649.0697,62.1887,10000,9999.491,0.509,7
10800,33,825.2266,-1702.2917,61.389,10000,9998.703,1.297,7
10800,34,846.7722,-1755.5138,60.4894,10000,9998.748,1.252,7
10800,35,868.3178,-1808.7358,59.4898,10000,9998.517,1.483,7
10800,36,889.8634,-1861.9579,58.3903,10000,9999.491,0.509,7
10800,37,903.8892,-1917.4903,57.1908,10000,9998.407,1.593,7
10800,38,915.9426,-1973.6286,55.8913,10000,9999.654,0.346,7
10800,39,927.9959,-2029.767,54.4919,10000,9999.654,0.346,7
10800,40,940.0493,-2085.9054,52.9925,10000,9997.715,2.285,7
10800,41,952.1027,-2142.0437,51.3932,10000,9999.492,0.508,7
10800,42,964.1561,-2198.1821,49.6939,10000,9998.75,1.25,7
10800,43,976.2095,-2254.3205,47.8946,10000,9998.591,1.409,7
10800,44,988.2628,-2310.4588,45.9954,10000,9997.715,2.285,7
10800,45,1000.3162,-2366.5972,43.9963,10000,9997.714,2.286,7
10800,46,1012.3696,-2422.7356,41.8971,10000,9997.712,2.288,7
10800,47,1024.423,-2478.8739,39.698,10000,9998.636,1.364,7
10800,48,1036.4764,-2535.0123,37.399,10000,9998.1,1.9,7
10800,49,1048.5297,-2591.1507,35,10000,9997.899,2.101,7
14400,0,0,0,35,10000,9998.013,1.987,7
14400,1,24.492,-51.9321,37.399,10000,9998.993,1.007,7
14400,2,48.9841,-103.8642,39.698,10000,9998.684,1.316,7
14400,3,73.4761,-155.7962,41.8971,10000,9996.954,3.046,7
14400,4,97.9681,-207.7283,43.9963,10000,9997.414,2.586,7
14400,5,122.4601,-259.6604,45.9954,10000,9997.092,2.908,7
14400,6,146.9522,-311.5925,47.8946,10000,9996.999,3.001,7
14400,7,171.4442,-363.5246,49.6939,10000,9997,3,7
14400,8,195.9362,-415.4566,51.3932,10000,9998.007,1.993,7
14400,9,220.4282,-467.3887,52.9925,10000,9996.954,3.046,7
14400,10,245.6358,-518.9486,54.4919,10000,9998.245,1.755,7
14400,11,274.0942,-568.8177,55.8913,10000,9996.954,3.046,7
14400,12,302.5525,-618.6867,57.1908,10000,9998.053,1.947,7
14400,13,331.0109,-668.5558,58.3903,10000,9997.482,2.518,7
14400,14,359.4693,-718.4248,59.4898,10000,9997.919,2.081,7
14400,15,387.9276,-768.2939,60.4894,10000,9997.414,2.586,7
14400,16,416.386,-818.1629,61.389,10000,9997.115,2.885,7
14400,17,444.8443,-868.032,62.1887,10000,9996.975,3.025,7
14400,18,473.3027,-917.901,62.8884,10000,9997.577,2.423,7
14400,19,501.7611,-967.77,63.4881,10000,9997.298,2.702,7
14400,20,530.2194,-1017.6391,63.9879,10000,9997.229,2.771,7
14400,21,558.6778,-1067.5081,64.3878,10000,9997.802,2.198,7
14400,22,587.1362,-1117.3772,64.6876,10000,9996.954,3.046,7
14400,23,609.7704,-1170.0712,64.8875,10000,9996.954,3.046,7
14400,24,631.3161,-1223.2932,64.9875,10000,9997.183,2.817,7
14400,25,652.8617,-1276.5153,64.9875,10000,9996.963,3.037,7
14400,26,674.4073,-1329.7373,64.8875,10000,9999.12,0.88,7
14400,27,695.9529,-1382.9594,64.6876,10000,9997.759,2.241,7
14400,28,717.4985,-1436.1814,64.3878,10000,9996.954,3.046,7
14400,29,739.0441,-1489.4035,63.9879,10000,9998.821,1.179,7
14400,30,760.5897,-1542.6255,63.4881,10000,9996.954,3.046,7
14400,31,782.1354,-1595.8476,62.8884,10000,9997.476,2.524,7
14400,32,803.681,-1649.0697,62.1887,10000,9999.213,0.787,7
14400,33,825.2266,-1702.2917,61.389,10000,9998.264,1.736,7
14400,34,846.7722,-1755.5138,60.4894,10000,9998.284,1.716,7
14400,35,868.3178,-1808.7358,59.4898,10000,9998.078,1.922,7
14400,36,889.8634,-1861.9579,58.3903,10000,9999.353,0.647,7
14400,37,903.8892,-1917.4903,57.1908,10000,9998.014,1.986,7
14400,38,915.9426,-1973.6286,55.8913,10000,9999.539,0.461,7
14400,39,927.9959,-2029.767,54.4919,10000,9999.539,0.461,7
14400,40,940.0493,-2085.9054,52.9925,10000,9996.954,3.046,7
14400,41,952.1027,-2142.0437,51.3932,10000,9999.377,0.623,7
14400,42,964.1561,-2198.1821,49.6939,10000,9998.379,1.621,7
14400,43,976.2095,-2254.3205,47.8946,10000,9998.197,1.803,7
14400,44,988.2628,-2310.4588,45.9954,10000,9996.954,3.046,7
14400,45,1000.3162,-2366.5972,43.9963,10000,9997.045,2.955,7
14400,46,1012.3696,-2422.7356,41.8971,10000,9996.95,3.05,7
14400,47,1024.423,-2478.8739,39.698,10000,9998.22,1.78,7
14400,48,1036.4764,-2535.0123,37.399,10000,9997.475,2.525,7
14400,49,1048.5297,-2591.1507,35,10000,9997.229,2.771,7
18000,0,0,0,35,10000,9997.481,2.519,7
18000,1,24.492,-51.9321,37.399,10000,9998.715,1.285,7
18000,2,48.9841,-103.8642,39.698,10000,9998.523,1.477,7
18000,3,73.4761,-155.7962,41.8971,10000,9996.192,3.808,7
18000,4,97.9681,-207.7283,43.9963,10000,9996.79,3.21,7
18000,5,122.4601,-259.6604,45.9954,10000,9996.331,3.669,7
18000,6,146.9522,-311.5925,47.8946,10000,9996.238,3.762,7
18000,7,171.4442,-363.5246,49.6939,10000,9996.239,3.761,7
18000,8,195.9362,-415.4566,51.3932,10000,9997.428,2.572,7
18000,9,220.4282,-467.3887,52.9925,10000,9996.192,3.808,7
18000,10,245.6358,-518.9486,54.4919,10000,9997.898,2.102,7
18000,11,274.0942,-568.8177,55.8913,10000,9996.192,3.808,7
18000,12,302.5525,-618.6867,57.1908,10000,9997.476,2.524,7
18000,13,331.0109,-668.5558,58.3903,10000,9996.904,3.096,7
18000,14,359.4693,-718.4248,59.4898,10000,9997.341,2.659,7
18000,15,387.9276,-768.2939,60.4894,10000,9996.791,3.209,7
18000,16,416.386,-818.1629,61.389,10000,9996.354,3.646,7
18000,17,444.8443,-868.032,62.1887,10000,9996.213,3.787,7
18000,18,473.3027,-917.901,62.8884,10000,9997.115,2.885,7
18000,19,501.7611,-967.77,63.4881,10000,9996.65,3.35,7
18000,20,530.2194,-1017.6391,63.9879,10000,9996.56,3.44,7
18000,21,558.6778,-1067.5081,64.3878,10000,9997.362,2.638,7
18000,22,587.1362,-1117.3772,64.6876,10000,9996.192,3.808,7
18000,23,609.7704,-1170.0712,64.8875,10000,9996.192,3.808,7
18000,24,631.3161,-1223.2932,64.9875,10000,9996.559,3.441,7
18000,25,652.8617,-1276.5153,64.9875,10000,9996.177,3.823,7
18000,26,674.4073,-1329.7373,64.8875,10000,9998.912,1.088,7
18000,27,695.9529,-1382.9594,64.6876,10000,9997.181,2.819,7
18000,28,717.4985,-1436.1814,64.3878,10000,9996.192,3.808,7
18000,29,739.0441,-1489.4035,63.9879,10000,9998.417,1.583,7
18000,30,760.5897,-1542.6255,63.4881,10000,9996.192,3.808,7
18000,31,782.1354,-1595.8476,62.8884,10000,9996.783,3.217,7
18000,32,803.681,-1649.0697,62.1887,10000,9998.935,1.065,7
18000,33,825.2266,-1702.2917,61.389,10000,9997.825,2.175,7
18000,34,846.7722,-1755.5138,60.4894,10000,9997.936,2.064,7
18000,35,868.3178,-1808.7358,59.4898,10000,9997.522,2.478,7
18000,36,889.8634,-1861.9579,58.3903,10000,9999.098,0.902,7
18000,37,903.8892,-1917.4903,57.1908,10000,9997.414,2.586,7
18000,38,915.9426,-1973.6286,55.8913,10000,9999.423,0.577,7
18000,39,927.9959,-2029.767,54.4919,10000,9999.423,0.577,7
18000,40,940.0493,-2085.9054,52.9925,10000,9996.192,3.808,7
18000,41,952.1027,-2142.0437,51.3932,10000,9999.262,0.738,7
18000,42,964.1561,-2198.1821,49.6939,10000,9997.8,2.2,7
18000,43,976.2095,-2254.3205,47.8946,10000,9997.943,2.057,7
18000,44,988.2628,-2310.4588,45.9954,10000,9996.192,3.808,7
18000,45,1000.3162,-2366.5972,43.9963,10000,9996.42,3.58,7
18000,46,1012.3696,-2422.7356,41.8971,10000,9996.188,3.812,7
18000,47,1024.423,-2478.8739,39.698,10000,9997.735,2.265,7
18000,48,1036.4764,-2535.0123,37.399,10000,9996.804,3.196,7
18000,49,1048.5297,-2591.1507,35,10000,9996.468,3.532,7
21600,0,0,0,35,10000,9996.72,3.28,7
21600,1,24.492,-51.9321,37.399,10000,9998.506,1.494,7
21600,2,48.9841,-103.8642,39.698,10000,9997.761,2.239,7
21600,3,73.4761,-155.7962,41.8971,10000,9995.431,4.569,7
21600,4,97.9681,-207.7283,43.9963,10000,9996.119,3.881,7
21600,5,122.4601,-259.6604,45.9954,10000,9995.569,4.431,7
21600,6,146.9522,-311.5925,47.8946,10000,9995.476,4.524,7
21600,7,171.4442,-363.5246,49.6939,10000,9995.477,4.523,7
21600,8,195.9362,-415.4566,51.3932,10000,9996.919,3.081,7
21600,9,220.4282,-467.3887,52.9925,10000,9995.431,4.569,7
21600,10,245.6358,-518.9486,54.4919,10000,9997.552,2.448,7
21600,11,274.0942,-568.8177,55.8913,10000,9995.431,4.569,7
21600,12,302.5525,-618.6867,57.1908,10000,9996.896,3.104,7
21600,13,331.0109,-668.5558,58.3903,10000,9996.187,3.813,7
21600,14,359.4693,-718.4248,59.4898,10000,9996.579,3.421,7
21600,15,387.9276,-768.2939,60.4894,10000,9996.029,3.971,7
21600,16,416.386,-818.1629,61.389,10000,9995.592,4.408,7
21600,17,444.8443,-868.032,62.1887,10000,9995.452,4.548,7
21600,18,473.3027,-917.901,62.8884,10000,9996.354,3.646,7
21600,19,501.7611,-967.77,63.4881,10000,9995.889,4.111,7
21600,20,530.2194,-1017.6391,63.9879,10000,9995.798,4.202,7
21600,21,558.6778,-1067.5081,64.3878,10000,9996.713,3.287,7
21600,22,587.1362,-1117.3772,64.6876,10000,9995.431,4.569,7
21600,23,609.7704,-1170.0712,64.8875,10000,9995.431,4.569,7
21600,24,631.3161,-1223.2932,64.9875,10000,9995.889,4.111,7
21600,25,652.8617,-1276.5153,64.9875,10000,9995.415,4.585,7
21600,26,674.4073,-1329.7373,64.8875,10000,9998.704,1.296,7
21600,27,695.9529,-1382.9594,64.6876,10000,9996.557,3.443,7
21600,28,717.4985,-1436.1814,64.3878,10000,9995.431,4.569,7
21600,29,739.0441,-1489.4035,63.9879,10000,9997.909,2.091,7
21600,30,760.5897,-1542.6255,63.4881,10000,9995.431,4.569,7
21600,31,782.1354,-1595.8476,62.8884,10000,9996.134,3.866,7
21600,32,803.681,-1649.0697,62.1887,10000,9998.82,1.18,7
21600,33,825.2266,-1702.2917,61.389,10000,9997.271,2.729,7
21600,34,846.7722,-1755.5138,60.4894,10000,9997.356,2.644,7
21600,35,868.3178,-1808.7358,59.4898,10000,9996.898,3.102,7
21600,36,889.8634,-1861.9579,58.3903,10000,9998.913,1.087,7
21600,37,903.8892,-1917.4903,57.1908,10000,9996.814,3.186,7
21600,38,915.9426,-1973.6286,55.8913,10000,9999.308,0.692,7
21600,39,927.9959,-2029.767,54.4919,10000,9999.308,0.692,7
21600,40,940.0493,-2085.9054,52.9925,10000,9995.431,4.569,7
21600,41,952.1027,-2142.0437,51.3932,10000,9999.146,0.854,7
21600,42,964.1561,-2198.1821,49.6939,10000,9997.452,2.548,7
21600,43,976.2095,-2254.3205,47.8946,10000,9997.665,2.335,7
21600,44,988.2628,-2310.4588,45.9954,10000,9995.431,4.569,7
21600,45,1000.3162,-2366.5972,43.9963,10000,9995.819,4.181,7
21600,46,1012.3696,-2422.7356,41.8971,10000,9995.425,4.575,7
21600,47,1024.423,-2478.8739,39.698,10000,9997.365,2.635,7
21600,48,1036.4764,-2535.0123,37.399,10000,9996.224,3.776,7
21600,49,1048.5297,-2591.1507,35,10000,9995.798,4.202,7
25200,0,0,0,35,10000,9996.28,3.72,7
25200,1,24.492,-51.9321,37.399,10000,9998.275,1.725,7
25200,2,48.9841,-103.8642,39.698,10000,9997.484,2.516,7
25200,3,73.4761,-155.7962,41.8971,10000,9994.669,5.331,7
25200,4,97.9681,-207.7283,43.9963,10000,9995.403,4.597,7
25200,5,122.4601,-259.6604,45.9954,10000,9994.808,5.192,7
25200,6,146.9522,-311.5925,47.8946,10000,9994.715,5.285,7
25200,7,171.4442,-363.5246,49.6939,10000,9994.716,5.284,7
25200,8,195.9362,-415.4566,51.3932,10000,9996.272,3.728,7
25200,9,220.4282,-467.3887,52.9925,10000,9994.669,5.331,7
25200,10,245.6358,-518.9486,54.4919,10000,9997.067,2.933,7
25200,11,274.0942,-568.8177,55.8913,10000,9994.669,5.331,7
25200,12,302.5525,-618.6867,57.1908,10000,9996.363,3.637,7
25200,13,331.0109,-668.5558,58.3903,10000,9995.726,4.274,7
25200,14,359.4693,-718.4248,59.4898,10000,9996.093,3.907,7
25200,15,387.9276,-768.2939,60.4894,10000,9995.406,4.594,7
25200,16,416.386,-818.1629,61.389,10000,9994.831,5.169,7
25200,17,444.8443,-868.032,62.1887,10000,9994.689,5.311,7
25200,18,473.3027,-917.901,62.8884,10000,9995.892,4.108,7
25200,19,501.7611,-967.77,63.4881,10000,9995.381,4.619,7
25200,20,530.2194,-1017.6391,63.9879,10000,9995.128,4.872,7
25200,21,558.6778,-1067.5081,64.3878,10000,9996.273,3.727,7
25200,22,587.1362,-1117.3772,64.6876,10000,9994.669,5.331,7
25200,23,609.7704,-1170.0712,64.8875,10000,9994.669,5.331,7
25200,24,631.3161,-1223.2932,64.9875,10000,9995.127,4.873,7
25200,25,652.8617,-1276.5153,64.9875,10000,9994.606,5.394,7
25200,26,674.4073,-1329.7373,64.8875,10000,9998.542,1.458,7
25200,27,695.9529,-1382.9594,64.6876,10000,9995.864,4.136,7
25200,28,717.4985,-1436.1814,64.3878,10000,9994.669,5.331,7
25200,29,739.0441,-1489.4035,63.9879,10000,9997.573,2.427,7
25200,30,760.5897,-1542.6255,63.4881,10000,9994.669,5.331,7
25200,31,782.1354,-1595.8476,62.8884,10000,9995.441,4.559,7
25200,32,803.681,-1649.0697,62.1887,10000,9998.542,1.458,7
25200,33,825.2266,-1702.2917,61.389,10000,9996.946,3.054,7
25200,34,846.7722,-1755.5138,60.4894,10000,9997.008,2.992,7
25200,35,868.3178,-1808.7358,59.4898,10000,9996.273,3.727,7
25200,36,889.8634,-1861.9579,58.3903,10000,9998.774,1.226,7
25200,37,903.8892,-1917.4903,57.1908,10000,9996.098,3.902,7
25200,38,915.9426,-1973.6286,55.8913,10000,9999.192,0.808,7
25200,39,927.9959,-2029.767,54.4919,10000,9999.192,0.808,7
25200,40,940.0493,-2085.9054,52.9925,10000,9994.669,5.331,7
25200,41,952.1027,-2142.0437,51.3932,10000,9999.031,0.969,7
25200,42,964.1561,-2198.1821,49.6939,10000,9996.873,3.127,7
25200,43,976.2095,-2254.3205,47.8946,10000,9997.526,2.474,7
25200,44,988.2628,-2310.4588,45.9954,10000,9994.738,5.262,7
25200,45,1000.3162,-2366.5972,43.9963,10000,9995.218,4.782,7
25200,46,1012.3696,-2422.7356,41.8971,10000,9994.753,5.247,7
25200,47,1024.423,-2478.8739,39.698,10000,9996.88,3.12,7
25200,48,1036.4764,-2535.0123,37.399,10000,9995.553,4.447,7
25200,49,1048.5297,-2591.1507,35,10000,9995.128,4.872,7
28800,0,0,0,35,10000,9995.899,4.101,7
28800,1,24.492,-51.9321,37.399,10000,9998.09,1.91,7
28800,2,48.9841,-103.8642,39.698,10000,9997.207,2.793,7
28800,3,73.4761,-155.7962,41.8971,10000,9993.908,6.092,7
28800,4,97.9681,-207.7283,43.9963,10000,9994.825,5.175,7
28800,5,122.4601,-259.6604,45.9954,10000,9994.046,5.954,7
28800,6,146.9522,-311.5925,47.8946,10000,9994.136,5.864,7
28800,7,171.4442,-363.5246,49.6939,10000,9993.954,6.046,7
28800,8,195.9362,-415.4566,51.3932,10000,9995.694,4.306,7
28800,9,220.4282,-467.3887,52.9925,10000,9993.908,6.092,7
28800,10,245.6358,-518.9486,54.4919,10000,9996.812,3.188,7
28800,11,274.0942,-568.8177,55.8913,10000,9993.908,6.092,7
28800,12,302.5525,-618.6867,57.1908,10000,9995.67,4.33,7
28800,13,331.0109,-668.5558,58.3903,10000,9995.148,4.852,7
28800,14,359.4693,-718.4248,59.4898,10000,9995.332,4.668,7
28800,15,387.9276,-768.2939,60.4894,10000,9994.736,5.264,7
28800,16,416.386,-818.1629,61.389,10000,9994.069,5.931,7
28800,17,444.8443,-868.032,62.1887,10000,9993.928,6.072,7
28800,18,473.3027,-917.901,62.8884,10000,9995.384,4.616,7
28800,19,501.7611,-967.77,63.4881,10000,9994.757,5.243,7
28800,20,530.2194,-1017.6391,63.9879,10000,9994.367,5.633,7
28800,21,558.6778,-1067.5081,64.3878,10000,9995.798,4.202,7
28800,22,587.1362,-1117.3772,64.6876,10000,9993.908,6.092,7
28800,23,609.7704,-1170.0712,64.8875,10000,9993.908,6.092,7
28800,24,631.3161,-1223.2932,64.9875,10000,9994.41,5.59,7
28800,25,652.8617,-1276.5153,64.9875,10000,9994.189,5.811,7
28800,26,674.4073,-1329.7373,64.8875,10000,9998.38,1.62,7
28800,27,695.9529,-1382.9594,64.6876,10000,9995.333,4.667,7
28800,28,717.4985,-1436.1814,64.3878,10000,9993.93,6.07,7
28800,29,739.0441,-1489.4035,63.9879,10000,9997.158,2.842,7
28800,30,760.5897,-1542.6255,63.4881,10000,9993.908,6.092,7
28800,31,782.1354,-1595.8476,62.8884,10000,9994.77,5.23,7
28800,32,803.681,-1649.0697,62.1887,10000,9998.426,1.574,7
28800,33,825.2266,-1702.2917,61.389,10000,9996.598,3.402,7
28800,34,846.7722,-1755.5138,60.4894,10000,9996.661,3.339,7
28800,35,868.3178,-1808.7358,59.4898,10000,9995.58,4.42,7
28800,36,889.8634,-1861.9579,58.3903,10000,9998.659,1.341,7
28800,37,903.8892,-1917.4903,57.1908,10000,9995.659,4.341,7
28800,38,915.9426,-1973.6286,55.8913,10000,9999.077,0.923,7
28800,39,927.9959,-2029.767,54.4919,10000,9999.077,0.923,7
28800,40,940.0493,-2085.9054,52.9925,10000,9993.908,6.092,7
28800,41,952.1027,-2142.0437,51.3932,10000,9998.916,1.084,7
28800,42,964.1561,-2198.1821,49.6939,10000,9996.342,3.658,7
28800,43,976.2095,-2254.3205,47.8946,10000,9997.156,2.844,7
28800,44,988.2628,-2310.4588,45.9954,10000,9993.976,6.024,7
28800,45,1000.3162,-2366.5972,43.9963,10000,9994.456,5.544,7
28800,46,1012.3696,-2422.7356,41.8971,10000,9993.99,6.01,7
28800,47,1024.423,-2478.8739,39.698,10000,9996.348,3.652,7
28800,48,1036.4764,-2535.0123,37.399,10000,9994.882,5.118,7
28800,49,1048.5297,-2591.1507,35,10000,9994.367,5.633,7
32400,0,0,0,35,10000,9995.703,4.297,7
32400,1,24.492,-51.9321,37.399,10000,9997.638,2.362,7
32400,2,48.9841,-103.8642,39.698,10000,9997.069,2.931,7
32400,3,73.4761,-155.7962,41.8971,10000,9993.146,6.854,7
32400,4,97.9681,-207.7283,43.9963,10000,9994.154,5.846,7
32400,5,122.4601,-259.6604,45.9954,10000,9993.538,6.462,7
32400,6,146.9522,-311.5925,47.8946,10000,9993.373,6.627,7
32400,7,171.4442,-363.5246,49.6939,10000,9993.215,6.785,7
32400,8,195.9362,-415.4566,51.3932,10000,9995.23,4.77,7
32400,9,220.4282,-467.3887,52.9925,10000,9993.146,6.854,7
32400,10,245.6358,-518.9486,54.4919,10000,9996.65,3.35,7
32400,11,274.0942,-568.8177,55.8913,10000,9993.146,6.854,7
32400,12,302.5525,-618.6867,57.1908,10000,9994.93,5.07,7
32400,13,331.0109,-668.5558,58.3903,10000,9994.686,5.314,7
32400,14,359.4693,-718.4248,59.4898,10000,9994.8,5.2,7
32400,15,387.9276,-768.2939,60.4894,10000,9994.252,5.748,7
32400,16,416.386,-818.1629,61.389,10000,9993.445,6.555,7
32400,17,444.8443,-868.032,62.1887,10000,9993.188,6.812,7
32400,18,473.3027,-917.901,62.8884,10000,9995.084,4.916,7
32400,19,501.7611,-967.77,63.4881,10000,9994.249,5.751,7
32400,20,530.2194,-1017.6391,63.9879,10000,9993.789,6.211,7
32400,21,558.6778,-1067.5081,64.3878,10000,9995.207,4.793,7
32400,22,587.1362,-1117.3772,64.6876,10000,9993.146,6.854,7
32400,23,609.7704,-1170.0712,64.8875,10000,9993.146,6.854,7
32400,24,631.3161,-1223.2932,64.9875,10000,9993.647,6.353,7
32400,25,652.8617,-1276.5153,64.9875,10000,9993.474,6.526,7
32400,26,674.4073,-1329.7373,64.8875,10000,9998.241,1.759,7
32400,27,695.9529,-1382.9594,64.6876,10000,9994.73,5.27,7
32400,28,717.4985,-1436.1814,64.3878,10000,9993.168,6.832,7
32400,29,739.0441,-1489.4035,63.9879,10000,9996.37,3.63,7
32400,30,760.5897,-1542.6255,63.4881,10000,9993.146,6.854,7
32400,31,782.1354,-1595.8476,62.8884,10000,9994.122,5.878,7
32400,32,803.681,-1649.0697,62.1887,10000,9998.288,1.712,7
32400,33,825.2266,-1702.2917,61.389,10000,9996.321,3.679,7
32400,34,846.7722,-1755.5138,60.4894,10000,9996.43,3.57,7
32400,35,868.3178,-1808.7358,59.4898,10000,9994.819,5.181,7
32400,36,889.8634,-1861.9579,58.3903,10000,9998.543,1.457,7
32400,37,903.8892,-1917.4903,57.1908,10000,9995.382,4.618,7
32400,38,915.9426,-1973.6286,55.8913,10000,9998.962,1.038,7
32400,39,927.9959,-2029.767,54.4919,10000,9998.962,1.038,7
32400,40,940.0493,-2085.9054,52.9925,10000,9993.146,6.854,7
32400,41,952.1027,-2142.0437,51.3932,10000,9998.8,1.2,7
32400,42,964.1561,-2198.1821,49.6939,10000,9995.739,4.261,7
32400,43,976.2095,-2254.3205,47.8946,10000,9996.856,3.144,7
32400,44,988.2628,-2310.4588,45.9954,10000,9993.215,6.785,7
32400,45,1000.3162,-2366.5972,43.9963,10000,9993.971,6.029,7
32400,46,1012.3696,-2422.7356,41.8971,10000,9993.229,6.771,7
32400,47,1024.423,-2478.8739,39.698,10000,9995.587,4.413,7
32400,48,1036.4764,-2535.0123,37.399,10000,9994.166,5.834,7
32400,49,1048.5297,-2591.1507,35,10000,9993.697,6.303,7
36000,0,0,0,35,10000,9995.195,4.805,7
36000,1,24.492,-51.9321,37.399,10000,9997.431,2.569,7
36000,2,48.9841,-103.8642,39.698,10000,9996.768,3.232,7
36000,3,73.4761,-155.7962,41.8971,10000,9992.385,7.615,7
36000,4,97.9681,-207.7283,43.9963,10000,9993.461,6.539,7
36000,5,122.4601,-259.6604,45.9954,10000,9992.915,7.085,7
36000,6,146.9522,-311.5925,47.8946,10000,9992.611,7.389,7
36000,7,171.4442,-363.5246,49.6939,10000,9992.453,7.547,7
36000,8,195.9362,-415.4566,51.3932,10000,9994.559,5.441,7
36000,9,220.4282,-467.3887,52.9925,10000,9992.385,7.615,7
36000,10,245.6358,-518.9486,54.4919,10000,9996.35,3.65,7
36000,11,274.0942,-568.8177,55.8913,10000,9992.385,7.615,7
36000,12,302.5525,-618.6867,57.1908,10000,9994.283,5.717,7
36000,13,331.0109,-668.5558,58.3903,10000,9994.04,5.96,7
36000,14,359.4693,-718.4248,59.4898,10000,9994.361,5.639,7
36000,15,387.9276,-768.2939,60.4894,10000,9993.628,6.372,7
36000,16,416.386,-818.1629,61.389,10000,9992.683,7.317,7
36000,17,444.8443,-868.032,62.1887,10000,9992.427,7.573,7
36000,18,473.3027,-917.901,62.8884,10000,9994.484,5.516,7
36000,19,501.7611,-967.77,63.4881,10000,9993.58,6.42,7
36000,20,530.2194,-1017.6391,63.9879,10000,9993.119,6.881,7
36000,21,558.6778,-1067.5081,64.3878,10000,9994.641,5.359,7
36000,22,587.1362,-1117.3772,64.6876,10000,9992.385,7.615,7
36000,23,609.7704,-1170.0712,64.8875,10000,9992.385,7.615,7
36000,24,631.3161,-1223.2932,64.9875,10000,9993.024,6.976,7
36000,25,652.8617,-1276.5153,64.9875,10000,9992.723,7.277,7
36000,26,674.4073,-1329.7373,64.8875,10000,9997.986,2.014,7
36000,27,695.9529,-1382.9594,64.6876,10000,9994.061,5.939,7
36000,28,717.4985,-1436.1814,64.3878,10000,9992.407,7.593,7
36000,29,739.0441,-1489.4035,63.9879,10000,9995.805,4.195,7
36000,30,760.5897,-1542.6255,63.4881,10000,9992.385,7.615,7
36000,31,782.1354,-1595.8476,62.8884,10000,9993.382,6.618,7
36000,32,803.681,-1649.0697,62.1887,10000,9998.126,1.874,7
36000,33,825.2266,-1702.2917,61.389,10000,9995.836,4.164,7
36000,34,846.7722,-1755.5138,60.4894,10000,9995.966,4.034,7
36000,35,868.3178,-1808.7358,59.4898,10000,9994.241,5.759,7
36000,36,889.8634,-1861.9579,58.3903,10000,9998.428,1.572,7
36000,37,903.8892,-1917.4903,57.1908,10000,9994.944,5.056,7
36000,38,915.9426,-1973.6286,55.8913,10000,9998.846,1.154,7
36000,39,927.9959,-2029.767,54.4919,10000,9998.846,1.154,7
36000,40,940.0493,-2085.9054,52.9925,10000,9992.385,7.615,7
36000,41,952.1027,-2142.0437,51.3932,10000,9998.685,1.315,7
36000,42,964.1561,-2198.1821,49.6939,10000,9995.23,4.77,7
36000,43,976.2095,-2254.3205,47.8946,10000,9996.601,3.399,7
36000,44,988.2628,-2310.4588,45.9954,10000,9992.522,7.478,7
36000,45,1000.3162,-2366.5972,43.9963,10000,9993.279,6.721,7
36000,46,1012.3696,-2422.7356,41.8971,10000,9992.628,7.372,7
36000,47,1024.423,-2478.8739,39.698,10000,9995.263,4.737,7
36000,48,1036.4764,-2535.0123,37.399,10000,9993.54,6.46,7
36000,49,1048.5297,-2591.1507,35,10000,9992.936,7.064,7
39600,0,0,0,35,10000,9994.733,5.267,7
39600,1,24.492,-51.9321,37.399,10000,9997.082,2.918,7
39600,2,48.9841,-103.8642,39.698,10000,9996.33,3.67,7
39600,3,73.4761,-155.7962,41.8971,10000,9991.623,8.377,7
39600,4,97.9681,-207.7283,43.9963,10000,9992.815,7.185,7
39600,5,122.4601,-259.6604,45.9954,10000,9992.268,7.732,7
39600,6,146.9522,-311.5925,47.8946,10000,9991.849,8.151,7
39600,7,171.4442,-363.5246,49.6939,10000,9991.691,8.309,7
39600,8,195.9362,-415.4566,51.3932,10000,9994.05,5.95,7
39600,9,220.4282,-467.3887,52.9925,10000,9991.623,8.377,7
39600,10,245.6358,-518.9486,54.4919,10000,9996.05,3.95,7
39600,11,274.0942,-568.8177,55.8913,10000,9991.623,8.377,7
39600,12,302.5525,-618.6867,57.1908,10000,9993.865,6.135,7
39600,13,331.0109,-668.5558,58.3903,10000,9993.555,6.445,7
39600,14,359.4693,-718.4248,59.4898,10000,9993.898,6.102,7
39600,15,387.9276,-768.2939,60.4894,10000,9993.005,6.995,7
39600,16,416.386,-818.1629,61.389,10000,9991.991,8.009,7
39600,17,444.8443,-868.032,62.1887,10000,9991.665,8.335,7
39600,18,473.3027,-917.901,62.8884,10000,9994.022,5.978,7
39600,19,501.7611,-967.77,63.4881,10000,9993.048,6.952,7
39600,20,530.2194,-1017.6391,63.9879,10000,9992.45,7.55,7
39600,21,558.6778,-1067.5081,64.3878,10000,9994.12,5.88,7
39600,22,587.1362,-1117.3772,64.6876,10000,9991.623,8.377,7
39600,23,609.7704,-1170.0712,64.8875,10000,9991.623,8.377,7
39600,24,631.3161,-1223.2932,64.9875,10000,9992.263,7.737,7
39600,25,652.8617,-1276.5153,64.9875,10000,9991.913,8.087,7
39600,26,674.4073,-1329.7373,64.8875,10000,9997.708,2.292,7
39600,27,695.9529,-1382.9594,64.6876,10000,9993.437,6.563,7
39600,28,717.4985,-1436.1814,64.3878,10000,9991.645,8.355,7
39600,29,739.0441,-1489.4035,63.9879,10000,9995.619,4.381,7
39600,30,760.5897,-1542.6255,63.4881,10000,9991.623,8.377,7
39600,31,782.1354,-1595.8476,62.8884,10000,9992.758,7.242,7
39600,32,803.681,-1649.0697,62.1887,10000,9998.011,1.989,7
39600,33,825.2266,-1702.2917,61.389,10000,9995.512,4.488,7
39600,34,846.7722,-1755.5138,60.4894,10000,9995.618,4.382,7
39600,35,868.3178,-1808.7358,59.4898,10000,9993.8,6.2,7
39600,36,889.8634,-1861.9579,58.3903,10000,9998.196,1.804,7
39600,37,903.8892,-1917.4903,57.1908,10000,9994.182,5.818,7
39600,38,915.9426,-1973.6286,55.8913,10000,9998.731,1.269,7
39600,39,927.9959,-2029.767,54.4919,10000,9998.731,1.269,7
39600,40,940.0493,-2085.9054,52.9925,10000,9991.623,8.377,7
39600,41,952.1027,-2142.0437,51.3932,10000,9998.569,1.431,7
39600,42,964.1561,-2198.1821,49.6939,10000,9994.696,5.304,7
39600,43,976.2095,-2254.3205,47.8946,10000,9996.208,3.792,7
39600,44,988.2628,-2310.4588,45.9954,10000,9991.76,8.24,7
39600,45,1000.3162,-2366.5972,43.9963,10000,9992.516,7.484,7
39600,46,1012.3696,-2422.7356,41.8971,10000,9991.864,8.136,7
39600,47,1024.423,-2478.8739,39.698,10000,9994.779,5.221,7
39600,48,1036.4764,-2535.0123,37.399,10000,9992.869,7.131,7
39600,49,1048.5297,-2591.1507,35,10000,9992.174,7.826,7
43200,0,0,0,35,10000,9994.155,5.845,7
43200,1,24.492,-51.9321,37.399,10000,9996.874,3.126,7
43200,2,48.9841,-103.8642,39.698,10000,9996.03,3.97,7
43200,3,73.4761,-155.7962,41.8971,10000,9990.862,9.138,7
43200,4,97.9681,-207.7283,43.9963,10000,9992.053,7.947,7
43200,5,122.4601,-259.6604,45.9954,10000,9991.507,8.493,7
43200,6,146.9522,-311.5925,47.8946,10000,9991.087,8.913,7
43200,7,171.4442,-363.5246,49.6939,10000,9990.929,9.071,7
43200,8,195.9362,-415.4566,51.3932,10000,9993.494,6.506,7
43200,9,220.4282,-467.3887,52.9925,10000,9990.862,9.138,7
43200,10,245.6358,-518.9486,54.4919,10000,9995.703,4.297,7
43200,11,274.0942,-568.8177,55.8913,10000,9990.862,9.138,7
43200,12,302.5525,-618.6867,57.1908,10000,9993.333,6.667,7
43200,13,331.0109,-668.5558,58.3903,10000,9992.977,7.023,7
43200,14,359.4693,-718.4248,59.4898,10000,9993.227,6.773,7
43200,15,387.9276,-768.2939,60.4894,10000,9992.244,7.756,7
43200,16,416.386,-818.1629,61.389,10000,9991.229,8.771,7
43200,17,444.8443,-868.032,62.1887,10000,9990.904,9.096,7
43200,18,473.3027,-917.901,62.8884,10000,9993.399,6.601,7
43200,19,501.7611,-967.77,63.4881,10000,9992.402,7.598,7
43200,20,530.2194,-1017.6391,63.9879,10000,9991.688,8.312,7
43200,21,558.6778,-1067.5081,64.3878,10000,9993.54,6.46,7
43200,22,587.1362,-1117.3772,64.6876,10000,9990.862,9.138,7
43200,23,609.7704,-1170.0712,64.8875,10000,9990.862,9.138,7
43200,24,631.3161,-1223.2932,64.9875,10000,9991.663,8.337,7
43200,25,652.8617,-1276.5153,64.9875,10000,9991.151,8.849,7
43200,26,674.4073,-1329.7373,64.8875,10000,9997.5,2.5,7
43200,27,695.9529,-1382.9594,64.6876,10000,9992.745,7.255,7
43200,28,717.4985,-1436.1814,64.3878,10000,9990.884,9.116,7
43200,29,739.0441,-1489.4035,63.9879,10000,9995.307,4.693,7
43200,30,760.5897,-1542.6255,63.4881,10000,9990.862,9.138,7
43200,31,782.1354,-1595.8476,62.8884,10000,9992.063,7.937,7
43200,32,803.681,-1649.0697,62.1887,10000,9997.895,2.105,7
43200,33,825.2266,-1702.2917,61.389,10000,9995.211,4.789,7
43200,34,846.7722,-1755.5138,60.4894,10000,9995.154,4.846,7
43200,35,868.3178,-1808.7358,59.4898,10000,9993.29,6.71,7
43200,36,889.8634,-1861.9579,58.3903,10000,9998.081,1.919,7
43200,37,903.8892,-1917.4903,57.1908,10000,9994.02,5.98,7
43200,38,915.9426,-1973.6286,55.8913,10000,9998.616,1.384,7
43200,39,927.9959,-2029.767,54.4919,10000,9998.616,1.384,7
43200,40,940.0493,-2085.9054,52.9925,10000,9990.862,9.138,7
43200,41,952.1027,-2142.0437,51.3932,10000,9998.293,1.707,7
43200,42,964.1561,-2198.1821,49.6939,10000,9994.232,5.768,7
43200,43,976.2095,-2254.3205,47.8946,10000,9995.976,4.024,7
43200,44,988.2628,-2310.4588,45.9954,10000,9990.999,9.001,7
43200,45,1000.3162,-2366.5972,43.9963,10000,9991.915,8.085,7
43200,46,1012.3696,-2422.7356,41.8971,10000,9991.101,8.899,7
43200,47,1024.423,-2478.8739,39.698,10000,9994.409,5.591,7
43200,48,1036.4764,-2535.0123,37.399,10000,9992.244,7.756,7
43200,49,1048.5297,-2591.1507,35,10000,9991.413,8.587,7
46800,0,0,0,35,10000,9993.762,6.238,7
46800,1,24.492,-51.9321,37.399,10000,9996.549,3.451,7
46800,2,48.9841,-103.8642,39.698,10000,9995.753,4.247,7
46800,3,73.4761,-155.7962,41.8971,10000,9990.1,9.9,7
46800,4,97.9681,-207.7283,43.9963,10000,9991.383,8.617,7
46800,5,122.4601,-259.6604,45.9954,10000,9990.883,9.117,7
46800,6,146.9522,-311.5925,47.8946,10000,9990.326,9.674,7
46800,7,171.4442,-363.5246,49.6939,10000,9990.168,9.832,7
46800,8,195.9362,-415.4566,51.3932,10000,9992.915,7.085,7
46800,9,220.4282,-467.3887,52.9925,10000,9990.1,9.9,7
46800,10,245.6358,-518.9486,54.4919,10000,9995.149,4.851,7
46800,11,274.0942,-568.8177,55.8913,10000,9990.1,9.9,7
46800,12,302.5525,-618.6867,57.1908,10000,9992.823,7.177,7
46800,13,331.0109,-668.5558,58.3903,10000,9992.491,7.509,7
46800,14,359.4693,-718.4248,59.4898,10000,9992.833,7.167,7
46800,15,387.9276,-768.2939,60.4894,10000,9991.62,8.38,7
46800,16,416.386,-818.1629,61.389,10000,9990.467,9.533,7
46800,17,444.8443,-868.032,62.1887,10000,9990.142,9.858,7
46800,18,473.3027,-917.901,62.8884,10000,9992.937,7.063,7
46800,19,501.7611,-967.77,63.4881,10000,9991.87,8.13,7
46800,20,530.2194,-1017.6391,63.9879,10000,9991.018,8.982,7
46800,21,558.6778,-1067.5081,64.3878,10000,9993.159,6.841,7
46800,22,587.1362,-1117.3772,64.6876,10000,9990.1,9.9,7
46800,23,609.7704,-1170.0712,64.8875,10000,9990.1,9.9,7
46800,24,631.3161,-1223.2932,64.9875,10000,9990.97,9.03,7
46800,25,652.8617,-1276.5153,64.9875,10000,9990.353,9.647,7
46800,26,674.4073,-1329.7373,64.8875,10000,9997.361,2.639,7
46800,27,695.9529,-1382.9594,64.6876,10000,9992.098,7.902,7
46800,28,717.4985,-1436.1814,64.3878,10000,9990.122,9.878,7
46800,29,739.0441,-1489.4035,63.9879,10000,9995.03,4.97,7
46800,30,760.5897,-1542.6255,63.4881,10000,9990.1,9.9,7
46800,31,782.1354,-1595.8476,62.8884,10000,9991.37,8.63,7
46800,32,803.681,-1649.0697,62.1887,10000,9997.757,2.243,7
46800,33,825.2266,-1702.2917,61.389,10000,9994.909,5.091,7
46800,34,846.7722,-1755.5138,60.4894,10000,9994.806,5.194,7
46800,35,868.3178,-1808.7358,59.4898,10000,9992.826,7.174,7
46800,36,889.8634,-1861.9579,58.3903,10000,9997.966,2.034,7
46800,37,903.8892,-1917.4903,57.1908,10000,9993.582,6.418,7
46800,38,915.9426,-1973.6286,55.8913,10000,9998.5,1.5,7
46800,39,927.9959,-2029.767,54.4919,10000,9998.5,1.5,7
46800,40,940.0493,-2085.9054,52.9925,10000,9990.1,9.9,7
46800,41,952.1027,-2142.0437,51.3932,10000,9998.177,1.823,7
46800,42,964.1561,-2198.1821,49.6939,10000,9993.7,6.3,7
46800,43,976.2095,-2254.3205,47.8946,10000,9995.56,4.44,7
46800,44,988.2628,-2310.4588,45.9954,10000,9990.237,9.763,7
46800,45,1000.3162,-2366.5972,43.9963,10000,9991.314,8.686,7
46800,46,1012.3696,-2422.7356,41.8971,10000,9990.338,9.662,7
46800,47,1024.423,-2478.8739,39.698,10000,9993.924,6.076,7
46800,48,1036.4764,-2535.0123,37.399,10000,9991.573,8.427,7
46800,49,1048.5297,-2591.1507,35,10000,9990.651,9.349,7
50400,0,0,0,35,10000,9993.23,6.77,7
50400,1,24.492,-51.9321,37.399,10000,9996.249,3.751,7
50400,2,48.9841,-103.8642,39.698,10000,9995.453,4.547,7
50400,3,73.4761,-155.7962,41.8971,10000,9989.339,10.661,7
50400,4,97.9681,-207.7283,43.9963,10000,9990.805,9.195,7
50400,5,122.4601,-259.6604,45.9954,10000,9990.122,9.878,7
50400,6,146.9522,-311.5925,47.8946,10000,9989.61,10.39,7
50400,7,171.4442,-363.5246,49.6939,10000,9989.406,10.594,7
50400,8,195.9362,-415.4566,51.3932,10000,9992.29,7.71,7
50400,9,220.4282,-467.3887,52.9925,10000,9989.339,10.661,7
50400,10,245.6358,-518.9486,54.4919,10000,9994.825,5.175,7
50400,11,274.0942,-568.8177,55.8913,10000,9989.339,10.661,7
50400,12,302.5525,-618.6867,57.1908,10000,9992.406,7.594,7
50400,13,331.0109,-668.5558,58.3903,10000,9991.89,8.11,7
50400,14,359.4693,-718.4248,59.4898,10000,9992.186,7.814,7
50400,15,387.9276,-768.2939,60.4894,10000,9990.997,9.003,7
50400,16,416.386,-818.1629,61.389,10000,9989.705,10.295,7
50400,17,444.8443,-868.032,62.1887,10000,9989.403,10.597,7
50400,18,473.3027,-917.901,62.8884,10000,9992.614,7.386,7
50400,19,501.7611,-967.77,63.4881,10000,9991.201,8.799,7
50400,20,530.2194,-1017.6391,63.9879,10000,9990.349,9.651,7
50400,21,558.6778,-1067.5081,64.3878,10000,9992.789,7.211,7
50400,22,587.1362,-1117.3772,64.6876,10000,9989.339,10.661,7
50400,23,609.7704,-1170.0712,64.8875,10000,9989.339,10.661,7
50400,24,631.3161,-1223.2932,64.9875,10000,9990.438,9.562,7
50400,25,652.8617,-1276.5153,64.9875,10000,9989.612,10.388,7
50400,26,674.4073,-1329.7373,64.8875,10000,9997.153,2.847,7
50400,27,695.9529,-1382.9594,64.6876,10000,9991.658,8.342,7
50400,28,717.4985,-1436.1814,64.3878,10000,9989.405,10.595,7
50400,29,739.0441,-1489.4035,63.9879,10000,9994.914,5.086,7
50400,30,760.5897,-1542.6255,63.4881,10000,9989.339,10.661,7
50400,31,782.1354,-1595.8476,62.8884,10000,9990.629,9.371,7
50400,32,803.681,-1649.0697,62.1887,10000,9997.478,2.522,7
50400,33,825.2266,-1702.2917,61.389,10000,9994.701,5.299,7
50400,34,846.7722,-1755.5138,60.4894,10000,9994.575,5.425,7
50400,35,868.3178,-1808.7358,59.4898,10000,9992.315,7.685,7
50400,36,889.8634,-1861.9579,58.3903,10000,9997.664,2.336,7
50400,37,903.8892,-1917.4903,57.1908,10000,9993.144,6.856,7
50400,38,915.9426,-1973.6286,55.8913,10000,9998.385,1.615,7
50400,39,927.9959,-2029.767,54.4919,10000,9998.385,1.615,7
50400,40,940.0493,-2085.9054,52.9925,10000,9989.339,10.661,7
50400,41,952.1027,-2142.0437,51.3932,10000,9998.062,1.938,7
50400,42,964.1561,-2198.1821,49.6939,10000,9993.097,6.903,7
50400,43,976.2095,-2254.3205,47.8946,10000,9995.422,4.578,7
50400,44,988.2628,-2310.4588,45.9954,10000,9989.476,10.524,7
50400,45,1000.3162,-2366.5972,43.9963,10000,9990.552,9.448,7
50400,46,1012.3696,-2422.7356,41.8971,10000,9989.575,10.425,7
50400,47,1024.423,-2478.8739,39.698,10000,9993.324,6.676,7
50400,48,1036.4764,-2535.0123,37.399,10000,9990.857,9.143,7
50400,49,1048.5297,-2591.1507,35,10000,9989.89,10.11,7
54000,0,0,0,35,10000,9992.757,7.243,7
54000,1,24.492,-51.9321,37.399,10000,9995.912,4.088,7
54000,2,48.9841,-103.8642,39.698,10000,9995.014,4.986,7
54000,3,73.4761,-155.7962,41.8971,10000,9988.577,11.423,7
54000,4,97.9681,-207.7283,43.9963,10000,9990.366,9.634,7
54000,5,122.4601,-259.6604,45.9954,10000,9989.36,10.64,7
54000,6,146.9522,-311.5925,47.8946,10000,9988.848,11.152,7
54000,7,171.4442,-363.5246,49.6939,10000,9988.645,11.355,7
54000,8,195.9362,-415.4566,51.3932,10000,9991.827,8.173,7
54000,9,220.4282,-467.3887,52.9925,10000,9988.577,11.423,7
54000,10,245.6358,-518.9486,54.4919,10000,9994.225,5.775,7
54000,11,274.0942,-568.8177,55.8913,10000,9988.577,11.423,7
54000,12,302.5525,-618.6867,57.1908,10000,9991.919,8.081,7
54000,13,331.0109,-668.5558,58.3903,10000,9991.196,8.804,7
54000,14,359.4693,-718.4248,59.4898,10000,9991.425,8.575,7
54000,15,387.9276,-768.2939,60.4894,10000,9990.236,9.764,7
54000,16,416.386,-818.1629,61.389,10000,9988.943,11.057,7
54000,17,444.8443,-868.032,62.1887,10000,9988.641,11.359,7
54000,18,473.3027,-917.901,62.8884,10000,9991.99,8.01,7
54000,19,501.7611,-967.77,63.4881,10000,9990.439,9.561,7
54000,20,530.2194,-1017.6391,63.9879,10000,9989.587,10.413,7
54000,21,558.6778,-1067.5081,64.3878,10000,9992.257,7.743,7
54000,22,587.1362,-1117.3772,64.6876,10000,9988.577,11.423,7
54000,23,609.7704,-1170.0712,64.8875,10000,9988.577,11.423,7
54000,24,631.3161,-1223.2932,64.9875,10000,9989.677,10.323,7
54000,25,652.8617,-1276.5153,64.9875,10000,9988.942,11.058,7
54000,26,674.4073,-1329.7373,64.8875,10000,9996.852,3.148,7
54000,27,695.9529,-1382.9594,64.6876,10000,9991.312,8.688,7
54000,28,717.4985,-1436.1814,64.3878,10000,9988.666,11.334,7
54000,29,739.0441,-1489.4035,63.9879,10000,9994.752,5.248,7
54000,30,760.5897,-1542.6255,63.4881,10000,9988.577,11.423,7
54000,31,782.1354,-1595.8476,62.8884,10000,9990.027,9.973,7
54000,32,803.681,-1649.0697,62.1887,10000,9997.363,2.637,7
54000,33,825.2266,-1702.2917,61.389,10000,9994.146,5.854,7
54000,34,846.7722,-1755.5138,60.4894,10000,9994.273,5.727,7
54000,35,868.3178,-1808.7358,59.4898,10000,9991.783,8.217,7
54000,36,889.8634,-1861.9579,58.3903,10000,9997.503,2.497,7
54000,37,903.8892,-1917.4903,57.1908,10000,9992.705,7.295,7
54000,38,915.9426,-1973.6286,55.8913,10000,9998.27,1.73,7
54000,39,927.9959,-2029.767,54.4919,10000,9998.27,1.73,7
54000,40,940.0493,-2085.9054,52.9925,10000,9988.577,11.423,7
54000,41,952.1027,-2142.0437,51.3932,10000,9997.946,2.054,7
54000,42,964.1561,-2198.1821,49.6939,10000,9992.681,7.319,7
54000,43,976.2095,-2254.3205,47.8946,10000,9995.121,4.879,7
54000,44,988.2628,-2310.4588,45.9954,10000,9988.851,11.149,7
54000,45,1000.3162,-2366.5972,43.9963,10000,9989.791,10.209,7
54000,46,1012.3696,-2422.7356,41.8971,10000,9988.904,11.096,7
54000,47,1024.423,-2478.8739,39.698,10000,9992.792,7.208,7
54000,48,1036.4764,-2535.0123,37.399,10000,9990.231,9.769,7
54000,49,1048.5297,-2591.1507,35,10000,9989.22,10.78,7
57600,0,0,0,35,10000,9992.376,7.624,7
57600,1,24.492,-51.9321,37.399,10000,9995.704,4.296,7
57600,2,48.9841,-103.8642,39.698,10000,9994.737,5.263,7
57600,3,73.4761,-155.7962,41.8971,10000,9987.816,12.184,7
57600,4,97.9681,-207.7283,43.9963,10000,9989.743,10.257,7
57600,5,122.4601,-259.6604,45.9954,10000,9988.599,11.401,7
57600,6,146.9522,-311.5925,47.8946,10000,9988.224,11.776,7
57600,7,171.4442,-363.5246,49.6939,10000,9987.883,12.117,7
57600,8,195.9362,-415.4566,51.3932,10000,9991.363,8.637,7
57600,9,220.4282,-467.3887,52.9925,10000,9987.816,12.184,7
57600,10,245.6358,-518.9486,54.4919,10000,9993.739,6.261,7
57600,11,274.0942,-568.8177,55.8913,10000,9987.816,12.184,7
57600,12,302.5525,-618.6867,57.1908,10000,9991.27,8.73,7
57600,13,331.0109,-668.5558,58.3903,10000,9990.547,9.453,7
57600,14,359.4693,-718.4248,59.4898,10000,9990.915,9.085,7
57600,15,387.9276,-768.2939,60.4894,10000,9989.612,10.388,7
57600,16,416.386,-818.1629,61.389,10000,9988.182,11.818,7
57600,17,444.8443,-868.032,62.1887,10000,9987.902,12.098,7
57600,18,473.3027,-917.901,62.8884,10000,9991.39,8.61,7
57600,19,501.7611,-967.77,63.4881,10000,9989.677,10.323,7
57600,20,530.2194,-1017.6391,63.9879,10000,9988.894,11.106,7
57600,21,558.6778,-1067.5081,64.3878,10000,9991.665,8.335,7
57600,22,587.1362,-1117.3772,64.6876,10000,9987.816,12.184,7
57600,23,609.7704,-1170.0712,64.8875,10000,9987.816,12.184,7
57600,24,631.3161,-1223.2932,64.9875,10000,9989.007,10.993,7
57600,25,652.8617,-1276.5153,64.9875,10000,9988.456,11.544,7
57600,26,674.4073,-1329.7373,64.8875,10000,9996.667,3.333,7
57600,27,695.9529,-1382.9594,64.6876,10000,9990.712,9.288,7
57600,28,717.4985,-1436.1814,64.3878,10000,9987.904,12.096,7
57600,29,739.0441,-1489.4035,63.9879,10000,9994.244,5.756,7
57600,30,760.5897,-1542.6255,63.4881,10000,9987.816,12.184,7
57600,31,782.1354,-1595.8476,62.8884,10000,9989.424,10.576,7
57600,32,803.681,-1649.0697,62.1887,10000,9997.085,2.915,7
57600,33,825.2266,-1702.2917,61.389,10000,9993.73,6.27,7
57600,34,846.7722,-1755.5138,60.4894,10000,9993.809,6.191,7
57600,35,868.3178,-1808.7358,59.4898,10000,9991.159,8.841,7
57600,36,889.8634,-1861.9579,58.3903,10000,9997.364,2.636,7
57600,37,903.8892,-1917.4903,57.1908,10000,9992.428,7.572,7
57600,38,915.9426,-1973.6286,55.8913,10000,9998.154,1.846,7
57600,39,927.9959,-2029.767,54.4919,10000,9998.154,1.846,7
57600,40,940.0493,-2085.9054,52.9925,10000,9987.816,12.184,7
57600,41,952.1027,-2142.0437,51.3932,10000,9997.831,2.169,7
57600,42,964.1561,-2198.1821,49.6939,10000,9992.264,7.736,7
57600,43,976.2095,-2254.3205,47.8946,10000,9994.728,5.272,7
57600,44,988.2628,-2310.4588,45.9954,10000,9988.09,11.91,7
57600,45,1000.3162,-2366.5972,43.9963,10000,9989.028,10.972,7
57600,46,1012.3696,-2422.7356,41.8971,10000,9988.234,11.766,7
57600,47,1024.423,-2478.8739,39.698,10000,9992.376,7.624,7
57600,48,1036.4764,-2535.0123,37.399,10000,9989.606,10.394,7
57600,49,1048.5297,-2591.1507,35,10000,9988.458,11.542,7
61200,0,0,0,35,10000,9991.995,8.005,7
61200,1,24.492,-51.9321,37.399,10000,9995.414,4.586,7
61200,2,48.9841,-103.8642,39.698,10000,9994.599,5.401,7
61200,3,73.4761,-155.7962,41.8971,10000,9987.054,12.946,7
61200,4,97.9681,-207.7283,43.9963,10000,9989.165,10.835,7
61200,5,122.4601,-259.6604,45.9954,10000,9987.999,12.001,7
61200,6,146.9522,-311.5925,47.8946,10000,9987.507,12.493,7
61200,7,171.4442,-363.5246,49.6939,10000,9987.122,12.878,7
61200,8,195.9362,-415.4566,51.3932,10000,9990.947,9.053,7
61200,9,220.4282,-467.3887,52.9925,10000,9987.054,12.946,7
61200,10,245.6358,-518.9486,54.4919,10000,9993.301,6.699,7
61200,11,274.0942,-568.8177,55.8913,10000,9987.054,12.946,7
61200,12,302.5525,-618.6867,57.1908,10000,9990.714,9.286,7
61200,13,331.0109,-668.5558,58.3903,10000,9989.785,10.215,7
61200,14,359.4693,-718.4248,59.4898,10000,9990.154,9.846,7
61200,15,387.9276,-768.2939,60.4894,10000,9988.989,11.011,7
61200,16,416.386,-818.1629,61.389,10000,9987.42,12.58,7
61200,17,444.8443,-868.032,62.1887,10000,9987.14,12.86,7
61200,18,473.3027,-917.901,62.8884,10000,9990.629,9.371,7
61200,19,501.7611,-967.77,63.4881,10000,9988.916,11.084,7
61200,20,530.2194,-1017.6391,63.9879,10000,9988.133,11.867,7
61200,21,558.6778,-1067.5081,64.3878,10000,9991.087,8.913,7
61200,22,587.1362,-1117.3772,64.6876,10000,9987.054,12.946,7
61200,23,609.7704,-1170.0712,64.8875,10000,9987.054,12.946,7
61200,24,631.3161,-1223.2932,64.9875,10000,9988.337,11.663,7
61200,25,652.8617,-1276.5153,64.9875,10000,9987.856,12.144,7
61200,26,674.4073,-1329.7373,64.8875,10000,9996.435,3.565,7
61200,27,695.9529,-1382.9594,64.6876,10000,9990.248,9.752,7
61200,28,717.4985,-1436.1814,64.3878,10000,9987.142,12.858,7
61200,29,739.0441,-1489.4035,63.9879,10000,9993.876,6.124,7
61200,30,760.5897,-1542.6255,63.4881,10000,9987.054,12.946,7
61200,31,782.1354,-1595.8476,62.8884,10000,9988.869,11.131,7
61200,32,803.681,-1649.0697,62.1887,10000,9996.97,3.03,7
61200,33,825.2266,-1702.2917,61.389,10000,9993.151,6.849,7
61200,34,846.7722,-1755.5138,60.4894,10000,9993.299,6.701,7
61200,35,868.3178,-1808.7358,59.4898,10000,9990.627,9.373,7
61200,36,889.8634,-1861.9579,58.3903,10000,9997.249,2.751,7
61200,37,903.8892,-1917.4903,57.1908,10000,9991.828,8.172,7
61200,38,915.9426,-1973.6286,55.8913,10000,9998.039,1.961,7
61200,39,927.9959,-2029.767,54.4919,10000,9998.039,1.961,7
61200,40,940.0493,-2085.9054,52.9925,10000,9987.054,12.946,7
61200,41,952.1027,-2142.0437,51.3932,10000,9997.716,2.284,7
61200,42,964.1561,-2198.1821,49.6939,10000,9991.916,8.084,7
61200,43,976.2095,-2254.3205,47.8946,10000,9994.29,5.71,7
61200,44,988.2628,-2310.4588,45.9954,10000,9987.328,12.672,7
61200,45,1000.3162,-2366.5972,43.9963,10000,9988.449,11.551,7
61200,46,1012.3696,-2422.7356,41.8971,10000,9987.472,12.528,7
61200,47,1024.423,-2478.8739,39.698,10000,9992.121,7.879,7
61200,48,1036.4764,-2535.0123,37.399,10000,9989.026,10.974,7
61200,49,1048.5297,-2591.1507,35,10000,9987.697,12.303,7
64800,0,0,0,35,10000,9991.625,8.375,7
64800,1,24.492,-51.9321,37.399,10000,9995.032,4.968,7
64800,2,48.9841,-103.8642,39.698,10000,9994.322,5.678,7
64800,3,73.4761,-155.7962,41.8971,10000,9986.293,13.707,7
64800,4,97.9681,-207.7283,43.9963,10000,9988.54,11.46,7
64800,5,122.4601,-259.6604,45.9954,10000,9987.237,12.763,7
64800,6,146.9522,-311.5925,47.8946,10000,9986.745,13.255,7
64800,7,171.4442,-363.5246,49.6939,10000,9986.36,13.64,7
64800,8,195.9362,-415.4566,51.3932,10000,9990.322,9.678,7
64800,9,220.4282,-467.3887,52.9925,10000,9986.293,13.707,7
64800,10,245.6358,-518.9486,54.4919,10000,9993.092,6.908,7
64800,11,274.0942,-568.8177,55.8913,10000,9986.293,13.707,7
64800,12,302.5525,-618.6867,57.1908,10000,9990.205,9.795,7
64800,13,331.0109,-668.5558,58.3903,10000,9989.3,10.7,7
64800,14,359.4693,-718.4248,59.4898,10000,9989.621,10.379,7
64800,15,387.9276,-768.2939,60.4894,10000,9988.411,11.589,7
64800,16,416.386,-818.1629,61.389,10000,9986.727,13.273,7
64800,17,444.8443,-868.032,62.1887,10000,9986.401,13.599,7
64800,18,473.3027,-917.901,62.8884,10000,9990.167,9.833,7
64800,19,501.7611,-967.77,63.4881,10000,9988.385,11.615,7
64800,20,530.2194,-1017.6391,63.9879,10000,9987.463,12.537,7
64800,21,558.6778,-1067.5081,64.3878,10000,9990.589,9.411,7
64800,22,587.1362,-1117.3772,64.6876,10000,9986.293,13.707,7
64800,23,609.7704,-1170.0712,64.8875,10000,9986.293,13.707,7
64800,24,631.3161,-1223.2932,64.9875,10000,9987.621,12.379,7
64800,25,652.8617,-1276.5153,64.9875,10000,9987.082,12.918,7
64800,26,674.4073,-1329.7373,64.8875,10000,9996.204,3.796,7
64800,27,695.9529,-1382.9594,64.6876,10000,9989.739,10.261,7
64800,28,717.4985,-1436.1814,64.3878,10000,9986.381,13.619,7
64800,29,739.0441,-1489.4035,63.9879,10000,9993.493,6.507,7
64800,30,760.5897,-1542.6255,63.4881,10000,9986.293,13.707,7
64800,31,782.1354,-1595.8476,62.8884,10000,9988.151,11.849,7
64800,32,803.681,-1649.0697,62.1887,10000,9996.831,3.169,7
64800,33,825.2266,-1702.2917,61.389,10000,9992.85,7.15,7
64800,34,846.7722,-1755.5138,60.4894,10000,9992.905,7.095,7
64800,35,868.3178,-1808.7358,59.4898,10000,9990.118,9.882,7
64800,36,889.8634,-1861.9579,58.3903,10000,9997.017,2.983,7
64800,37,903.8892,-1917.4903,57.1908,10000,9991.435,8.565,7
64800,38,915.9426,-1973.6286,55.8913,10000,9997.923,2.077,7
64800,39,927.9959,-2029.767,54.4919,10000,9997.923,2.077,7
64800,40,940.0493,-2085.9054,52.9925,10000,9986.293,13.707,7
64800,41,952.1027,-2142.0437,51.3932,10000,9997.6,2.4,7
64800,42,964.1561,-2198.1821,49.6939,10000,9991.452,8.548,7
64800,43,976.2095,-2254.3205,47.8946,10000,9993.873,6.127,7
64800,44,988.2628,-2310.4588,45.9954,10000,9986.567,13.433,7
64800,45,1000.3162,-2366.5972,43.9963,10000,9987.917,12.083,7
64800,46,1012.3696,-2422.7356,41.8971,10000,9986.963,13.037,7
64800,47,1024.423,-2478.8739,39.698,10000,9991.728,8.272,7
64800,48,1036.4764,-2535.0123,37.399,10000,9988.4,11.6,7
64800,49,1048.5297,-2591.1507,35,10000,9987.027,12.973,7
68400,0,0,0,35,10000,9991.083,8.917,7
68400,1,24.492,-51.9321,37.399,10000,9994.823,5.177,7
68400,2,48.9841,-103.8642,39.698,10000,9994.022,5.978,7
68400,3,73.4761,-155.7962,41.8971,10000,9985.531,14.469,7
68400,4,97.9681,-207.7283,43.9963,10000,9987.779,12.221,7
68400,5,122.4601,-259.6604,45.9954,10000,9986.637,13.363,7
68400,6,146.9522,-311.5925,47.8946,10000,9986.029,13.971,7
68400,7,171.4442,-363.5246,49.6939,10000,9985.598,14.402,7
68400,8,195.9362,-415.4566,51.3932,10000,9989.698,10.302,7
68400,9,220.4282,-467.3887,52.9925,10000,9985.531,14.469,7
68400,10,245.6358,-518.9486,54.4919,10000,9992.676,7.324,7
68400,11,274.0942,-568.8177,55.8913,10000,9985.531,14.469,7
68400,12,302.5525,-618.6867,57.1908,10000,9989.787,10.213,7
68400,13,331.0109,-668.5558,58.3903,10000,9988.538,11.462,7
68400,14,359.4693,-718.4248,59.4898,10000,9988.974,11.026,7
68400,15,387.9276,-768.2939,60.4894,10000,9987.788,12.212,7
68400,16,416.386,-818.1629,61.389,10000,9985.966,14.034,7
68400,17,444.8443,-868.032,62.1887,10000,9985.639,14.361,7
68400,18,473.3027,-917.901,62.8884,10000,9989.406,10.594,7
68400,19,501.7611,-967.77,63.4881,10000,9987.623,12.377,7
68400,20,530.2194,-1017.6391,63.9879,10000,9986.701,13.299,7
68400,21,558.6778,-1067.5081,64.3878,10000,9989.952,10.048,7
68400,22,587.1362,-1117.3772,64.6876,10000,9985.531,14.469,7
68400,23,609.7704,-1170.0712,64.8875,10000,9985.531,14.469,7
68400,24,631.3161,-1223.2932,64.9875,10000,9986.858,13.142,7
68400,25,652.8617,-1276.5153,64.9875,10000,9986.436,13.564,7
68400,26,674.4073,-1329.7373,64.8875,10000,9996.042,3.958,7
68400,27,695.9529,-1382.9594,64.6876,10000,9988.977,11.023,7
68400,28,717.4985,-1436.1814,64.3878,10000,9985.619,14.381,7
68400,29,739.0441,-1489.4035,63.9879,10000,9993.378,6.622,7
68400,30,760.5897,-1542.6255,63.4881,10000,9985.531,14.469,7
68400,31,782.1354,-1595.8476,62.8884,10000,9987.458,12.542,7
68400,32,803.681,-1649.0697,62.1887,10000,9996.716,3.284,7
68400,33,825.2266,-1702.2917,61.389,10000,9992.202,7.798,7
68400,34,846.7722,-1755.5138,60.4894,10000,9992.394,7.606,7
68400,35,868.3178,-1808.7358,59.4898,10000,9989.7,10.3,7
68400,36,889.8634,-1861.9579,58.3903,10000,9996.902,3.098,7
68400,37,903.8892,-1917.4903,57.1908,10000,9990.835,9.165,7
68400,38,915.9426,-1973.6286,55.8913,10000,9997.808,2.192,7
68400,39,927.9959,-2029.767,54.4919,10000,9997.808,2.192,7
68400,40,940.0493,-2085.9054,52.9925,10000,9985.531,14.469,7
68400,41,952.1027,-2142.0437,51.3932,10000,9997.485,2.515,7
68400,42,964.1561,-2198.1821,49.6939,10000,9991.104,8.896,7
68400,43,976.2095,-2254.3205,47.8946,10000,9993.619,6.381,7
68400,44,988.2628,-2310.4588,45.9954,10000,9985.874,14.126,7
68400,45,1000.3162,-2366.5972,43.9963,10000,9987.155,12.845,7
68400,46,1012.3696,-2422.7356,41.8971,10000,9986.198,13.802,7
68400,47,1024.423,-2478.8739,39.698,10000,9991.473,8.527,7
68400,48,1036.4764,-2535.0123,37.399,10000,9987.82,12.18,7
68400,49,1048.5297,-2591.1507,35,10000,9986.266,13.734,7
72000,0,0,0,35,10000,9990.713,9.287,7
72000,1,24.492,-51.9321,37.399,10000,9994.547,5.453,7
72000,2,48.9841,-103.8642,39.698,10000,9993.745,6.255,7
72000,3,73.4761,-155.7962,41.8971,10000,9984.77,15.23,7
72000,4,97.9681,-207.7283,43.9963,10000,9987.156,12.844,7
72000,5,122.4601,-259.6604,45.9954,10000,9986.014,13.986,7
72000,6,146.9522,-311.5925,47.8946,10000,9985.267,14.733,7
72000,7,171.4442,-363.5246,49.6939,10000,9984.859,15.141,7
72000,8,195.9362,-415.4566,51.3932,10000,9989.073,10.927,7
72000,9,220.4282,-467.3887,52.9925,10000,9984.77,15.23,7
72000,10,245.6358,-518.9486,54.4919,10000,9992.006,7.994,7
72000,11,274.0942,-568.8177,55.8913,10000,9984.77,15.23,7
72000,12,302.5525,-618.6867,57.1908,10000,9989.37,10.63,7
72000,13,331.0109,-668.5558,58.3903,10000,9988.075,11.925,7
72000,14,359.4693,-718.4248,59.4898,10000,9988.488,11.512,7
72000,15,387.9276,-768.2939,60.4894,10000,9987.165,12.835,7
72000,16,416.386,-818.1629,61.389,10000,9985.273,14.727,7
72000,17,444.8443,-868.032,62.1887,10000,9984.878,15.122,7
72000,18,473.3027,-917.901,62.8884,10000,9989.082,10.918,7
72000,19,501.7611,-967.77,63.4881,10000,9987.092,12.908,7
72000,20,530.2194,-1017.6391,63.9879,10000,9986.032,13.968,7
72000,21,558.6778,-1067.5081,64.3878,10000,9989.58,10.42,7
72000,22,587.1362,-1117.3772,64.6876,10000,9984.77,15.23,7
72000,23,609.7704,-1170.0712,64.8875,10000,9984.77,15.23,7
72000,24,631.3161,-1223.2932,64.9875,10000,9986.097,13.903,7
72000,25,652.8617,-1276.5153,64.9875,10000,9985.799,14.201,7
72000,26,674.4073,-1329.7373,64.8875,10000,9995.764,4.236,7
72000,27,695.9529,-1382.9594,64.6876,10000,9988.377,11.623,7
72000,28,717.4985,-1436.1814,64.3878,10000,9984.88,15.12,7
72000,29,739.0441,-1489.4035,63.9879,10000,9993.263,6.737,7
72000,30,760.5897,-1542.6255,63.4881,10000,9984.77,15.23,7
72000,31,782.1354,-1595.8476,62.8884,10000,9986.765,13.235,7
72000,32,803.681,-1649.0697,62.1887,10000,9996.554,3.446,7
72000,33,825.2266,-1702.2917,61.389,10000,9991.924,8.076,7
72000,34,846.7722,-1755.5138,60.4894,10000,9992.163,7.837,7
72000,35,868.3178,-1808.7358,59.4898,10000,9989.352,10.648,7
72000,36,889.8634,-1861.9579,58.3903,10000,9996.647,3.353,7
72000,37,903.8892,-1917.4903,57.1908,10000,9990.397,9.603,7
72000,38,915.9426,-1973.6286,55.8913,10000,9997.693,2.307,7
72000,39,927.9959,-2029.767,54.4919,10000,9997.693,2.307,7
72000,40,940.0493,-2085.9054,52.9925,10000,9984.77,15.23,7
72000,41,952.1027,-2142.0437,51.3932,10000,9997.208,2.792,7
72000,42,964.1561,-2198.1821,49.6939,10000,9990.502,9.498,7
72000,43,976.2095,-2254.3205,47.8946,10000,9993.249,6.751,7
72000,44,988.2628,-2310.4588,45.9954,10000,9985.112,14.888,7
72000,45,1000.3162,-2366.5972,43.9963,10000,9986.555,13.445,7
72000,46,1012.3696,-2422.7356,41.8971,10000,9985.437,14.563,7
72000,47,1024.423,-2478.8739,39.698,10000,9990.827,9.173,7
72000,48,1036.4764,-2535.0123,37.399,10000,9987.104,12.896,7
72000,49,1048.5297,-2591.1507,35,10000,9985.504,14.496,7
75600,0,0,0,35,10000,9990.366,9.634,7
75600,1,24.492,-51.9321,37.399,10000,9994.163,5.837,7
75600,2,48.9841,-103.8642,39.698,10000,9993.468,6.532,7
75600,3,73.4761,-155.7962,41.8971,10000,9984.008,15.992,7
75600,4,97.9681,-207.7283,43.9963,10000,9986.554,13.446,7
75600,5,122.4601,-259.6604,45.9954,10000,9985.529,14.471,7
75600,6,146.9522,-311.5925,47.8946,10000,9984.573,15.427,7
75600,7,171.4442,-363.5246,49.6939,10000,9984.211,15.789,7
75600,8,195.9362,-415.4566,51.3932,10000,9988.541,11.459,7
75600,9,220.4282,-467.3887,52.9925,10000,9984.008,15.992,7
75600,10,245.6358,-518.9486,54.4919,10000,9991.452,8.548,7
75600,11,274.0942,-568.8177,55.8913,10000,9984.008,15.992,7
75600,12,302.5525,-618.6867,57.1908,10000,9988.722,11.278,7
75600,13,331.0109,-668.5558,58.3903,10000,9987.497,12.503,7
75600,14,359.4693,-718.4248,59.4898,10000,9987.956,12.044,7
75600,15,387.9276,-768.2939,60.4894,10000,9986.725,13.275,7
75600,16,416.386,-818.1629,61.389,10000,9984.811,15.189,7
75600,17,444.8443,-868.032,62.1887,10000,9984.137,15.863,7
75600,18,473.3027,-917.901,62.8884,10000,9988.759,11.241,7
75600,19,501.7611,-967.77,63.4881,10000,9986.421,13.579,7
75600,20,530.2194,-1017.6391,63.9879,10000,9985.454,14.546,7
75600,21,558.6778,-1067.5081,64.3878,10000,9989.187,10.813,7
75600,22,587.1362,-1117.3772,64.6876,10000,9984.008,15.992,7
75600,23,609.7704,-1170.0712,64.8875,10000,9984.008,15.992,7
75600,24,631.3161,-1223.2932,64.9875,10000,9985.427,14.573,7
75600,25,652.8617,-1276.5153,64.9875,10000,9985.083,14.917,7
75600,26,674.4073,-1329.7373,64.8875,10000,9995.462,4.538,7
75600,27,695.9529,-1382.9594,64.6876,10000,9987.845,12.155,7
75600,28,717.4985,-1436.1814,64.3878,10000,9984.141,15.859,7
75600,29,739.0441,-1489.4035,63.9879,10000,9992.869,7.131,7
75600,30,760.5897,-1542.6255,63.4881,10000,9984.008,15.992,7
75600,31,782.1354,-1595.8476,62.8884,10000,9986.093,13.907,7
75600,32,803.681,-1649.0697,62.1887,10000,9996.415,3.585,7
75600,33,825.2266,-1702.2917,61.389,10000,9991.647,8.353,7
75600,34,846.7722,-1755.5138,60.4894,10000,9991.931,8.069,7
75600,35,868.3178,-1808.7358,59.4898,10000,9988.728,11.272,7
75600,36,889.8634,-1861.9579,58.3903,10000,9996.439,3.561,7
75600,37,903.8892,-1917.4903,57.1908,10000,9989.635,10.365,7
75600,38,915.9426,-1973.6286,55.8913,10000,9997.577,2.423,7
75600,39,927.9959,-2029.767,54.4919,10000,9997.577,2.423,7
75600,40,940.0493,-2085.9054,52.9925,10000,9984.008,15.992,7
75600,41,952.1027,-2142.0437,51.3932,10000,9997.093,2.907,7
75600,42,964.1561,-2198.1821,49.6939,10000,9989.9,10.1,7
75600,43,976.2095,-2254.3205,47.8946,10000,9992.832,7.168,7
75600,44,988.2628,-2310.4588,45.9954,10000,9984.351,15.649,7
75600,45,1000.3162,-2366.5972,43.9963,10000,9986.07,13.93,7
75600,46,1012.3696,-2422.7356,41.8971,10000,9984.674,15.326,7
75600,47,1024.423,-2478.8739,39.698,10000,9990.227,9.773,7
75600,48,1036.4764,-2535.0123,37.399,10000,9986.388,13.612,7
75600,49,1048.5297,-2591.1507,35,10000,9984.743,15.257,7
79200,0,0,0,35,10000,9990.158,9.842,7
79200,1,24.492,-51.9321,37.399,10000,9993.827,6.173,7
79200,2,48.9841,-103.8642,39.698,10000,9993.353,6.647,7
79200,3,73.4761,-155.7962,41.8971,10000,9983.246,16.754,7
79200,4,97.9681,-207.7283,43.9963,10000,9985.885,14.115,7
79200,5,122.4601,-259.6604,45.9954,10000,9984.906,15.094,7
79200,6,146.9522,-311.5925,47.8946,10000,9983.88,16.12,7
79200,7,171.4442,-363.5246,49.6939,10000,9983.45,16.55,7
79200,8,195.9362,-415.4566,51.3932,10000,9988.193,11.807,7
79200,9,220.4282,-467.3887,52.9925,10000,9983.246,16.754,7
79200,10,245.6358,-518.9486,54.4919,10000,9990.829,9.171,7
79200,11,274.0942,-568.8177,55.8913,10000,9983.246,16.754,7
79200,12,302.5525,-618.6867,57.1908,10000,9988.144,11.856,7
79200,13,331.0109,-668.5558,58.3903,10000,9986.827,13.173,7
79200,14,359.4693,-718.4248,59.4898,10000,9987.378,12.622,7
79200,15,387.9276,-768.2939,60.4894,10000,9986.102,13.898,7
79200,16,416.386,-818.1629,61.389,10000,9984.188,15.812,7
79200,17,444.8443,-868.032,62.1887,10000,9983.398,16.602,7
79200,18,473.3027,-917.901,62.8884,10000,9988.412,11.588,7
79200,19,501.7611,-967.77,63.4881,10000,9985.681,14.319,7
79200,20,530.2194,-1017.6391,63.9879,10000,9984.784,15.216,7
79200,21,558.6778,-1067.5081,64.3878,10000,9988.957,11.043,7
79200,22,587.1362,-1117.3772,64.6876,10000,9983.246,16.754,7
79200,23,609.7704,-1170.0712,64.8875,10000,9983.246,16.754,7
79200,24,631.3161,-1223.2932,64.9875,10000,9984.826,15.174,7
79200,25,652.8617,-1276.5153,64.9875,10000,9984.32,15.68,7
79200,26,674.4073,-1329.7373,64.8875,10000,9995.184,4.816,7
79200,27,695.9529,-1382.9594,64.6876,10000,9987.197,12.803,7
79200,28,717.4985,-1436.1814,64.3878,10000,9983.423,16.577,7
79200,29,739.0441,-1489.4035,63.9879,10000,9992.615,7.385,7
79200,30,760.5897,-1542.6255,63.4881,10000,9983.246,16.754,7
79200,31,782.1354,-1595.8476,62.8884,10000,9985.538,14.462,7
79200,32,803.681,-1649.0697,62.1887,10000,9996.277,3.723,7
79200,33,825.2266,-1702.2917,61.389,10000,9991.462,8.538,7
79200,34,846.7722,-1755.5138,60.4894,10000,9991.699,8.301,7
79200,35,868.3178,-1808.7358,59.4898,10000,9988.057,11.943,7
79200,36,889.8634,-1861.9579,58.3903,10000,9996.323,3.677,7
79200,37,903.8892,-1917.4903,57.1908,10000,9989.197,10.803,7
79200,38,915.9426,-1973.6286,55.8913,10000,9997.462,2.538,7
79200,39,927.9959,-2029.767,54.4919,10000,9997.462,2.538,7
79200,40,940.0493,-2085.9054,52.9925,10000,9983.246,16.754,7
79200,41,952.1027,-2142.0437,51.3932,10000,9996.977,3.023,7
79200,42,964.1561,-2198.1821,49.6939,10000,9989.298,10.702,7
79200,43,976.2095,-2254.3205,47.8946,10000,9992.416,7.584,7
79200,44,988.2628,-2310.4588,45.9954,10000,9983.589,16.411,7
79200,45,1000.3162,-2366.5972,43.9963,10000,9985.422,14.578,7
79200,46,1012.3696,-2422.7356,41.8971,10000,9984.005,15.995,7
79200,47,1024.423,-2478.8739,39.698,10000,9989.58,10.42,7
79200,48,1036.4764,-2535.0123,37.399,10000,9985.671,14.329,7
79200,49,1048.5297,-2591.1507,35,10000,9983.981,16.019,7
82800,0,0,0,35,10000,9989.65,10.35,7
82800,1,24.492,-51.9321,37.399,10000,9993.596,6.404,7
82800,2,48.9841,-103.8642,39.698,10000,9993.052,6.948,7
82800,3,73.4761,-155.7962,41.8971,10000,9982.485,17.515,7
82800,4,97.9681,-207.7283,43.9963,10000,9985.26,14.74,7
82800,5,122.4601,-259.6604,45.9954,10000,9984.145,15.855,7
82800,6,146.9522,-311.5925,47.8946,10000,9983.118,16.882,7
82800,7,171.4442,-363.5246,49.6939,10000,9982.687,17.313,7
82800,8,195.9362,-415.4566,51.3932,10000,9987.683,12.317,7
82800,9,220.4282,-467.3887,52.9925,10000,9982.485,17.515,7
82800,10,245.6358,-518.9486,54.4919,10000,9990.367,9.633,7
82800,11,274.0942,-568.8177,55.8913,10000,9982.485,17.515,7
82800,12,302.5525,-618.6867,57.1908,10000,9987.475,12.525,7
82800,13,331.0109,-668.5558,58.3903,10000,9986.156,13.844,7
82800,14,359.4693,-718.4248,59.4898,10000,9986.777,13.223,7
82800,15,387.9276,-768.2939,60.4894,10000,9985.479,14.521,7
82800,16,416.386,-818.1629,61.389,10000,9983.472,16.528,7
82800,17,444.8443,-868.032,62.1887,10000,9982.636,17.364,7
82800,18,473.3027,-917.901,62.8884,10000,9987.951,12.049,7
82800,19,501.7611,-967.77,63.4881,10000,9984.988,15.012,7
82800,20,530.2194,-1017.6391,63.9879,10000,9984.114,15.886,7
82800,21,558.6778,-1067.5081,64.3878,10000,9988.308,11.692,7
82800,22,587.1362,-1117.3772,64.6876,10000,9982.485,17.515,7
82800,23,609.7704,-1170.0712,64.8875,10000,9982.485,17.515,7
82800,24,631.3161,-1223.2932,64.9875,10000,9984.18,15.82,7
82800,25,652.8617,-1276.5153,64.9875,10000,9983.558,16.442,7
82800,26,674.4073,-1329.7373,64.8875,10000,9994.976,5.024,7
82800,27,695.9529,-1382.9594,64.6876,10000,9986.641,13.359,7
82800,28,717.4985,-1436.1814,64.3878,10000,9982.684,17.316,7
82800,29,739.0441,-1489.4035,63.9879,10000,9991.979,8.021,7
82800,30,760.5897,-1542.6255,63.4881,10000,9982.485,17.515,7
82800,31,782.1354,-1595.8476,62.8884,10000,9984.913,15.087,7
82800,32,803.681,-1649.0697,62.1887,10000,9995.999,4.001,7
82800,33,825.2266,-1702.2917,61.389,10000,9991.138,8.862,7
82800,34,846.7722,-1755.5138,60.4894,10000,9991.352,8.648,7
82800,35,868.3178,-1808.7358,59.4898,10000,9987.502,12.498,7
82800,36,889.8634,-1861.9579,58.3903,10000,9996.185,3.815,7
82800,37,903.8892,-1917.4903,57.1908,10000,9988.758,11.242,7
82800,38,915.9426,-1973.6286,55.8913,10000,9997.323,2.677,7
82800,39,927.9959,-2029.767,54.4919,10000,9997.347,2.653,7
82800,40,940.0493,-2085.9054,52.9925,10000,9982.485,17.515,7
82800,41,952.1027,-2142.0437,51.3932,10000,9996.862,3.138,7
82800,42,964.1561,-2198.1821,49.6939,10000,9988.766,11.234,7
82800,43,976.2095,-2254.3205,47.8946,10000,9992.069,7.931,7
82800,44,988.2628,-2310.4588,45.9954,10000,9982.896,17.104,7
82800,45,1000.3162,-2366.5972,43.9963,10000,9984.682,15.318,7
82800,46,1012.3696,-2422.7356,41.8971,10000,9983.242,16.758,7
82800,47,1024.423,-2478.8739,39.698,10000,9989.095,10.905,7
82800,48,1036.4764,-2535.0123,37.399,10000,9985.001,14.999,7
82800,49,1048.5297,-2591.1507,35,10000,9983.219,16.781,7
86400,0,0,0,35,10000,9989.015,10.985,7
86400,1,24.492,-51.9321,37.399,10000,9993.271,6.729,7
86400,2,48.9841,-103.8642,39.698,10000,9992.591,7.409,7
86400,3,73.4761,-155.7962,41.8971,10000,9981.723,18.277,7
86400,4,97.9681,-207.7283,43.9963,10000,9984.499,15.501,7
86400,5,122.4601,-259.6604,45.9954,10000,9983.383,16.617,7
86400,6,146.9522,-311.5925,47.8946,10000,9982.357,17.643,7
86400,7,171.4442,-363.5246,49.6939,10000,9981.926,18.074,7
86400,8,195.9362,-415.4566,51.3932,10000,9987.149,12.851,7
86400,9,220.4282,-467.3887,52.9925,10000,9981.723,18.277,7
86400,10,245.6358,-518.9486,54.4919,10000,9990.09,9.91,7
86400,11,274.0942,-568.8177,55.8913,10000,9981.723,18.277,7
86400,12,302.5525,-618.6867,57.1908,10000,9987.034,12.966,7
86400,13,331.0109,-668.5558,58.3903,10000,9985.395,14.605,7
86400,14,359.4693,-718.4248,59.4898,10000,9986.153,13.847,7
86400,15,387.9276,-768.2939,60.4894,10000,9984.717,15.283,7
86400,16,416.386,-818.1629,61.389,10000,9982.71,17.29,7
86400,17,444.8443,-868.032,62.1887,10000,9981.875,18.125,7
86400,18,473.3027,-917.901,62.8884,10000,9987.466,12.534,7
86400,19,501.7611,-967.77,63.4881,10000,9984.227,15.773,7
86400,20,530.2194,-1017.6391,63.9879,10000,9983.353,16.647,7
86400,21,558.6778,-1067.5081,64.3878,10000,9987.938,12.062,7
86400,22,587.1362,-1117.3772,64.6876,10000,9981.723,18.277,7
86400,23,609.7704,-1170.0712,64.8875,10000,9981.723,18.277,7
86400,24,631.3161,-1223.2932,64.9875,10000,9983.695,16.305,7
86400,25,652.8617,-1276.5153,64.9875,10000,9982.806,17.194,7
86400,26,674.4073,-1329.7373,64.8875,10000,9994.721,5.279,7
86400,27,695.9529,-1382.9594,64.6876,10000,9985.948,14.052,7
86400,28,717.4985,-1436.1814,64.3878,10000,9981.966,18.034,7
86400,29,739.0441,-1489.4035,63.9879,10000,9991.864,8.136,7
86400,30,760.5897,-1542.6255,63.4881,10000,9981.723,18.277,7
86400,31,782.1354,-1595.8476,62.8884,10000,9984.242,15.758,7
86400,32,803.681,-1649.0697,62.1887,10000,9995.883,4.117,7
86400,33,825.2266,-1702.2917,61.389,10000,9990.836,9.164,7
86400,34,846.7722,-1755.5138,60.4894,10000,9991.004,8.996,7
86400,35,868.3178,-1808.7358,59.4898,10000,9987.039,12.961,7
86400,36,889.8634,-1861.9579,58.3903,10000,9995.93,4.07,7
86400,37,903.8892,-1917.4903,57.1908,10000,9988.204,11.796,7
86400,38,915.9426,-1973.6286,55.8913,10000,9997.208,2.792,7
86400,39,927.9959,-2029.767,54.4919,10000,9997.231,2.769,7
86400,40,940.0493,-2085.9054,52.9925,10000,9981.723,18.277,7
86400,41,952.1027,-2142.0437,51.3932,10000,9996.747,3.253,7
86400,42,964.1561,-2198.1821,49.6939,10000,9988.233,11.767,7
86400,43,976.2095,-2254.3205,47.8946,10000,9991.723,8.277,7
86400,44,988.2628,-2310.4588,45.9954,10000,9982.135,17.865,7
86400,45,1000.3162,-2366.5972,43.9963,10000,9983.942,16.058,7
86400,46,1012.3696,-2422.7356,41.8971,10000,9982.479,17.521,7
86400,47,1024.423,-2478.8739,39.698,10000,9988.564,11.436,7
86400,48,1036.4764,-2535.0123,37.399,10000,9984.33,15.67,7
86400,49,1048.5297,-2591.1507,35,10000,9982.55,17.45,7
,,,,,,,,
,,,,,,,13.2702,
